<?xml version = '1.0' encoding = 'UTF-8'?>
<relationalModel class="oracle.dbtools.crest.model.design.relational.RelationalDesign" name="Relational_1" id="354F2614-18EA-D378-6339-E8441D0F7DDD" mainViewID="7F1F7D8D-0D7F-EF2F-23BD-D472F3B73B6A">
<createdBy>guzma</createdBy>
<createdTime>2025-09-06 17:46:34 UTC</createdTime>
<ownerDesignName>EX2_S1_GRUPO8</ownerDesignName>
<shouldBeOpen>false</shouldBeOpen>
<selectedRDBMSSite>32076570-2523-435C-2E92-BF29817DFF70</selectedRDBMSSite>
</relationalModel>