<?xml version = '1.0' encoding = 'UTF-8'?>
<Entity class="oracle.dbtools.crest.model.design.logical.Entity" directorySegmentName="seg_0" id="79D565FE-3B58-D707-A5AF-E2DDF110E15D" name="Comuna">
<createdBy>guzma</createdBy>
<createdTime>2025-09-06 20:01:32 UTC</createdTime>
<ownerDesignName>EX2_S1_GRUPO8</ownerDesignName>
<engineerTo>
<item key="354F2614-18EA-D378-6339-E8441D0F7DDD" value="true"/>
</engineerTo>
<adequatelyNormalized>NO</adequatelyNormalized>
<expectedVolumes>0</expectedVolumes>
<fwdEngineeringStrategyName>Single Table</fwdEngineeringStrategyName>
<growthPercent>0</growthPercent>
<growthType>Year</growthType>
<maxVolumes>9999999</maxVolumes>
<minVolumes>0</minVolumes>
<normalForm>Third</normalForm>
<attributes itemClass="oracle.dbtools.crest.model.design.logical.Attribute">
<Attribute name="Id_Comuna" id="42C0D1EA-7F81-C0BA-F8BD-899F73137EEB">
<createdBy>guzma</createdBy>
<createdTime>2025-09-06 20:01:43 UTC</createdTime>
<ownerDesignName>EX2_S1_GRUPO8</ownerDesignName>
<engineerTo>
<item key="354F2614-18EA-D378-6339-E8441D0F7DDD" value="true"/>
</engineerTo>
<useDomainConstraints>false</useDomainConstraints>
<use>1</use>
<logicalDatatype>LOGDT025</logicalDatatype>
<ownDataTypeParameters>,,</ownDataTypeParameters>
</Attribute>
<Attribute name="Nombre_Comuna" id="C2C32D85-2BF7-C3CF-710D-3FD230091EE0">
<createdBy>guzma</createdBy>
<createdTime>2025-09-06 20:02:33 UTC</createdTime>
<ownerDesignName>EX2_S1_GRUPO8</ownerDesignName>
<engineerTo>
<item key="354F2614-18EA-D378-6339-E8441D0F7DDD" value="true"/>
</engineerTo>
<nullsAllowed>true</nullsAllowed>
<useDomainConstraints>false</useDomainConstraints>
<use>1</use>
<logicalDatatype>LOGDT024</logicalDatatype>
<ownDataTypeParameters>,,</ownDataTypeParameters>
</Attribute>
</attributes>
</Entity>