<?xml version = '1.0' encoding = 'UTF-8'?>
<Entity class="oracle.dbtools.crest.model.design.logical.Entity" directorySegmentName="seg_0" id="8873B74E-2D1B-5799-C86F-61F442A16ECB" name="Idioma">
<createdBy>guzma</createdBy>
<createdTime>2025-09-06 20:06:27 UTC</createdTime>
<ownerDesignName>EX2_S1_GRUPO8</ownerDesignName>
<engineerTo>
<item key="354F2614-18EA-D378-6339-E8441D0F7DDD" value="true"/>
</engineerTo>
<adequatelyNormalized>NO</adequatelyNormalized>
<expectedVolumes>0</expectedVolumes>
<fwdEngineeringStrategyName>Single Table</fwdEngineeringStrategyName>
<growthPercent>0</growthPercent>
<growthType>Year</growthType>
<maxVolumes>9999999</maxVolumes>
<minVolumes>0</minVolumes>
<normalForm>Third</normalForm>
<attributes itemClass="oracle.dbtools.crest.model.design.logical.Attribute">
<Attribute name="Id_Idioma" id="687D9B1C-B651-918D-A8F0-3248FF1BC021">
<createdBy>guzma</createdBy>
<createdTime>2025-09-06 20:06:36 UTC</createdTime>
<ownerDesignName>EX2_S1_GRUPO8</ownerDesignName>
<engineerTo>
<item key="354F2614-18EA-D378-6339-E8441D0F7DDD" value="true"/>
</engineerTo>
<useDomainConstraints>false</useDomainConstraints>
<use>1</use>
<logicalDatatype>LOGDT025</logicalDatatype>
<ownDataTypeParameters>,,</ownDataTypeParameters>
</Attribute>
<Attribute name="Nombre_Idioma" id="6A0934B8-DD95-F596-5ED9-1F4F8E22BC6A">
<createdBy>guzma</createdBy>
<createdTime>2025-09-06 20:07:23 UTC</createdTime>
<ownerDesignName>EX2_S1_GRUPO8</ownerDesignName>
<engineerTo>
<item key="354F2614-18EA-D378-6339-E8441D0F7DDD" value="true"/>
</engineerTo>
<nullsAllowed>true</nullsAllowed>
<useDomainConstraints>false</useDomainConstraints>
<use>1</use>
<logicalDatatype>LOGDT024</logicalDatatype>
<ownDataTypeParameters>,,</ownDataTypeParameters>
</Attribute>
</attributes>
</Entity>