<?xml version = '1.0' encoding = 'UTF-8'?>
<Entity class="oracle.dbtools.crest.model.design.logical.Entity" directorySegmentName="seg_0" id="9120892F-9BDD-FFFD-EFD8-612A3F4375D0" name="Profesion">
<createdBy>guzma</createdBy>
<createdTime>2025-09-06 19:32:24 UTC</createdTime>
<ownerDesignName>EX2_S1_GRUPO8</ownerDesignName>
<engineerTo>
<item key="354F2614-18EA-D378-6339-E8441D0F7DDD" value="true"/>
</engineerTo>
<adequatelyNormalized>NO</adequatelyNormalized>
<expectedVolumes>0</expectedVolumes>
<fwdEngineeringStrategyName>Single Table</fwdEngineeringStrategyName>
<growthPercent>0</growthPercent>
<growthType>Year</growthType>
<maxVolumes>9999999</maxVolumes>
<minVolumes>0</minVolumes>
<normalForm>Third</normalForm>
<attributes itemClass="oracle.dbtools.crest.model.design.logical.Attribute">
<Attribute name="ID_Profesion" id="A3132FBD-3953-903B-638A-9F40CE7F538F">
<createdBy>guzma</createdBy>
<createdTime>2025-09-06 19:33:24 UTC</createdTime>
<ownerDesignName>EX2_S1_GRUPO8</ownerDesignName>
<engineerTo>
<item key="354F2614-18EA-D378-6339-E8441D0F7DDD" value="true"/>
</engineerTo>
<useDomainConstraints>false</useDomainConstraints>
<use>1</use>
<logicalDatatype>LOGDT024</logicalDatatype>
<ownDataTypeParameters>,,</ownDataTypeParameters>
</Attribute>
<Attribute name="Nombre_Profesion" id="BBD90181-663F-AC17-31A0-5290E8306E95">
<createdBy>guzma</createdBy>
<createdTime>2025-09-06 19:33:55 UTC</createdTime>
<ownerDesignName>EX2_S1_GRUPO8</ownerDesignName>
<engineerTo>
<item key="354F2614-18EA-D378-6339-E8441D0F7DDD" value="true"/>
</engineerTo>
<useDomainConstraints>false</useDomainConstraints>
<use>1</use>
<logicalDatatype>LOGDT024</logicalDatatype>
<ownDataTypeParameters>,,</ownDataTypeParameters>
</Attribute>
</attributes>
<identifiers itemClass="oracle.dbtools.crest.model.design.logical.CandidateKey">
<identifier id="45D8F03E-D4CB-51CD-2B6A-1AA01FF54F27" name="Key_1">
<createdBy>guzma</createdBy>
<createdTime>2025-09-06 20:37:29 UTC</createdTime>
<ownerDesignName>EX2_S1_GRUPO8</ownerDesignName>
<engineerTo>
<item key="354F2614-18EA-D378-6339-E8441D0F7DDD" value="true"/>
</engineerTo>
<newElementsIDs>A3132FBD-3953-903B-638A-9F40CE7F538F</newElementsIDs>
<usedAttributes>
<attributeRef>A3132FBD-3953-903B-638A-9F40CE7F538F</attributeRef>
</usedAttributes>
</identifier>
</identifiers>
</Entity>