<?xml version = '1.0' encoding = 'UTF-8'?>
<Entity class="oracle.dbtools.crest.model.design.logical.Entity" directorySegmentName="seg_0" id="C25593C7-26FF-839A-AD94-400E5EC7B8C7" name="Region">
<createdBy>guzma</createdBy>
<createdTime>2025-09-06 20:03:38 UTC</createdTime>
<ownerDesignName>EX2_S1_GRUPO8</ownerDesignName>
<engineerTo>
<item key="354F2614-18EA-D378-6339-E8441D0F7DDD" value="true"/>
</engineerTo>
<adequatelyNormalized>NO</adequatelyNormalized>
<expectedVolumes>0</expectedVolumes>
<fwdEngineeringStrategyName>Single Table</fwdEngineeringStrategyName>
<growthPercent>0</growthPercent>
<growthType>Year</growthType>
<maxVolumes>9999999</maxVolumes>
<minVolumes>0</minVolumes>
<normalForm>Third</normalForm>
<attributes itemClass="oracle.dbtools.crest.model.design.logical.Attribute">
<Attribute name="Id_Region" id="3CB25A7F-76FD-26F3-1B9B-2F04DCC36523">
<createdBy>guzma</createdBy>
<createdTime>2025-09-06 20:03:54 UTC</createdTime>
<ownerDesignName>EX2_S1_GRUPO8</ownerDesignName>
<engineerTo>
<item key="354F2614-18EA-D378-6339-E8441D0F7DDD" value="true"/>
</engineerTo>
<useDomainConstraints>false</useDomainConstraints>
<use>1</use>
<logicalDatatype>LOGDT025</logicalDatatype>
<ownDataTypeParameters>,,</ownDataTypeParameters>
</Attribute>
<Attribute name="Nombre_Region" id="D2C1CA90-51F1-998F-1C65-4F8F04F16525">
<createdBy>guzma</createdBy>
<createdTime>2025-09-06 20:04:29 UTC</createdTime>
<ownerDesignName>EX2_S1_GRUPO8</ownerDesignName>
<engineerTo>
<item key="354F2614-18EA-D378-6339-E8441D0F7DDD" value="true"/>
</engineerTo>
<nullsAllowed>true</nullsAllowed>
<useDomainConstraints>false</useDomainConstraints>
<use>1</use>
<logicalDatatype>LOGDT024</logicalDatatype>
<ownDataTypeParameters>,,</ownDataTypeParameters>
</Attribute>
</attributes>
</Entity>