<?xml version = '1.0' encoding = 'UTF-8'?>
<Diagram class="oracle.dbtools.crest.swingui.logical.DPVLogical" name="Logical" id="116F0692-30D4-7917-62E3-9FFFDE012E21">
<createdBy>guzma</createdBy>
<modifiedBy>guzma</modifiedBy>
<createdTime>2025-09-06 18:41:58 UTC</createdTime>
<autoRoute>false</autoRoute>
<boxInbox>true</boxInbox>
<showLegend>false</showLegend>
<showLabels>false</showLabels>
<showRelAttributes>true</showRelAttributes>
<gridEnabled>false</gridEnabled>
<showGrid>false</showGrid>
<diagramColor>-1</diagramColor>
<display>false</display>
<notation>1</notation>
<showClassificationTypes>true</showClassificationTypes>
<objectViews>
<OView class="oracle.dbtools.crest.swingui.logical.TVEntity" oid="5BF4FF33-9A70-9A8C-B94D-AA95F0C8F731" otype="Entity" vid="02F47876-06B6-1BA9-DDA3-DA426D663429">
<hideElementsInCurrentOnly>false</hideElementsInCurrentOnly>
<bounds x="478" y="75" width="360" height="253"/>
</OView>
<OView class="oracle.dbtools.crest.swingui.logical.TVEntity" oid="79D565FE-3B58-D707-A5AF-E2DDF110E15D" otype="Entity" vid="9D2B40EE-6E5D-2B1E-9D3F-1B84F888420D">
<hideElementsInCurrentOnly>false</hideElementsInCurrentOnly>
<bounds x="148" y="249" width="176" height="72"/>
</OView>
<OView class="oracle.dbtools.crest.swingui.logical.TVEntity" oid="8873B74E-2D1B-5799-C86F-61F442A16ECB" otype="Entity" vid="5127E056-2221-E018-5BDB-B9247FAA3FF3">
<hideElementsInCurrentOnly>false</hideElementsInCurrentOnly>
<bounds x="667" y="397" width="135" height="110"/>
</OView>
<OView class="oracle.dbtools.crest.swingui.logical.TVEntity" oid="9120892F-9BDD-FFFD-EFD8-612A3F4375D0" otype="Entity" vid="E07360B8-BEE3-C6FE-2DA5-73B0C9663230">
<hideElementsInCurrentOnly>false</hideElementsInCurrentOnly>
<bounds x="942" y="284" width="170" height="110"/>
</OView>
<OView class="oracle.dbtools.crest.swingui.logical.TVEntity" oid="C25593C7-26FF-839A-AD94-400E5EC7B8C7" otype="Entity" vid="FE0F1066-08D4-2F9C-E14E-3A8C1DDC771F">
<hideElementsInCurrentOnly>false</hideElementsInCurrentOnly>
<bounds x="105" y="401" width="238" height="74"/>
</OView>
<OView class="oracle.dbtools.crest.swingui.logical.TVEntity" oid="EF2004BA-20D3-2005-9D2C-28FC999D2029" otype="Entity" vid="48805CE7-439C-C595-D2F7-62BA02BE66DD">
<hideElementsInCurrentOnly>false</hideElementsInCurrentOnly>
<bounds x="674" y="167" width="133" height="104"/>
</OView>
</objectViews>
<connectors>
<Connector class="oracle.dbtools.crest.swingui.logical.TVRelation" oid="0BCE75D1-949E-50E6-CEA8-8338B83A3902" otype="Relation" vid_source="E07360B8-BEE3-C6FE-2DA5-73B0C9663230" vid_target="02F47876-06B6-1BA9-DDA3-DA426D663429">
<hideElementsInCurrentOnly>false</hideElementsInCurrentOnly>
<backgroundColor>-16777216</backgroundColor>
<lineWidth>1</lineWidth>
<centerLabel class="oracle.dbtools.crest.model.design.Label">
<site>1</site>
<labelBounds x="-52" y="-16" width="103" height="30"/>
<noBackgroundColor>true</noBackgroundColor>
<noForegroundColor>true</noForegroundColor>
</centerLabel>
<points>
<point x="1006" y="284"/>
<point x="1006" y="157"/>
<point x="838" y="157"/>
</points>
</Connector>
<Connector class="oracle.dbtools.crest.swingui.logical.TVRelation" oid="1150EFE2-2D50-71FD-AFAF-F908D6806DAF" otype="Relation" vid_source="FE0F1066-08D4-2F9C-E14E-3A8C1DDC771F" vid_target="9D2B40EE-6E5D-2B1E-9D3F-1B84F888420D">
<hideElementsInCurrentOnly>false</hideElementsInCurrentOnly>
<backgroundColor>-16777216</backgroundColor>
<lineWidth>1</lineWidth>
<points>
<point x="236" y="401"/>
<point x="236" y="321"/>
</points>
</Connector>
<Connector class="oracle.dbtools.crest.swingui.logical.TVRelation" oid="5C2F9B11-0D0F-52B1-9FAD-78EAE2D5DFF2" otype="Relation" vid_source="5127E056-2221-E018-5BDB-B9247FAA3FF3" vid_target="48805CE7-439C-C595-D2F7-62BA02BE66DD">
<hideElementsInCurrentOnly>false</hideElementsInCurrentOnly>
<backgroundColor>-16777216</backgroundColor>
<lineWidth>1</lineWidth>
<points>
<point x="738" y="397"/>
<point x="738" y="271"/>
</points>
</Connector>
<Connector class="oracle.dbtools.crest.swingui.logical.TVRelation" oid="6749605A-EBED-2358-1E22-7D1D6085FFEF" otype="Relation" vid_source="9D2B40EE-6E5D-2B1E-9D3F-1B84F888420D" vid_target="02F47876-06B6-1BA9-DDA3-DA426D663429">
<hideElementsInCurrentOnly>false</hideElementsInCurrentOnly>
<backgroundColor>-16777216</backgroundColor>
<lineWidth>1</lineWidth>
<points>
<point x="324" y="285"/>
<point x="478" y="285"/>
</points>
</Connector>
<Connector class="oracle.dbtools.crest.swingui.logical.TVInheritanceRelation" oid="AC0F18D4-6C8E-D4CF-4952-F528259DC78E" otype="Hierarchy relation" vid_source="02F47876-06B6-1BA9-DDA3-DA426D663429" vid_target="48805CE7-439C-C595-D2F7-62BA02BE66DD">
<hideElementsInCurrentOnly>false</hideElementsInCurrentOnly>
<backgroundColor>-65536</backgroundColor>
<lineWidth>1</lineWidth>
</Connector>
</connectors>
</Diagram>