<?xml version = '1.0' encoding = 'UTF-8'?>
<Relation class="oracle.dbtools.crest.model.design.logical.Relation" name="Relation_5" directorySegmentName="seg_0" id="0BCE75D1-949E-50E6-CEA8-8338B83A3902">
<createdBy>guzma</createdBy>
<createdTime>2025-09-06 19:40:55 UTC</createdTime>
<ownerDesignName>EX2_S1_GRUPO8</ownerDesignName>
<engineerTo>
<item key="354F2614-18EA-D378-6339-E8441D0F7DDD" value="true"/>
</engineerTo>
<sourcePk>45D8F03E-D4CB-51CD-2B6A-1AA01FF54F27</sourcePk>
<targetPk>9E0EB4D8-ABB0-AEA8-F555-3542F39293B3</targetPk>
<identifying>false</identifying>
<optionalSource>true</optionalSource>
<optionalTarget>false</optionalTarget>
<sourceCardinality>*</sourceCardinality>
<sourceEntity>9120892F-9BDD-FFFD-EFD8-612A3F4375D0</sourceEntity>
<targetCardinalityString>*</targetCardinalityString>
<targetEntity>5BF4FF33-9A70-9A8C-B94D-AA95F0C8F731</targetEntity>
<transferable>true</transferable>
<deleteRule>NO ACTION</deleteRule>
<attributes itemClass="oracle.dbtools.crest.model.design.logical.Attribute">
<attribute name="Fecha_Obtencion" id="6D158BD5-F47E-5F71-B81C-A4AC46A6684E">
<createdBy>guzma</createdBy>
<createdTime>2025-09-06 20:32:52 UTC</createdTime>
<ownerDesignName>EX2_S1_GRUPO8</ownerDesignName>
<engineerTo>
<item key="354F2614-18EA-D378-6339-E8441D0F7DDD" value="true"/>
</engineerTo>
<useDomainConstraints>false</useDomainConstraints>
<use>1</use>
<logicalDatatype>LOGDT007</logicalDatatype>
<ownDataTypeParameters>,,</ownDataTypeParameters>
</attribute>
</attributes>
</Relation>