<?xml version = '1.0' encoding = 'UTF-8'?>
<Relation class="oracle.dbtools.crest.model.design.logical.Relation" name="Relation_7" directorySegmentName="seg_0" id="1150EFE2-2D50-71FD-AFAF-F908D6806DAF">
<createdBy>guzma</createdBy>
<createdTime>2025-09-06 20:08:34 UTC</createdTime>
<ownerDesignName>EX2_S1_GRUPO8</ownerDesignName>
<engineerTo>
<item key="354F2614-18EA-D378-6339-E8441D0F7DDD" value="true"/>
</engineerTo>
<identifying>false</identifying>
<optionalSource>true</optionalSource>
<optionalTarget>false</optionalTarget>
<sourceCardinality>1</sourceCardinality>
<sourceEntity>C25593C7-26FF-839A-AD94-400E5EC7B8C7</sourceEntity>
<targetCardinalityString>*</targetCardinalityString>
<targetEntity>79D565FE-3B58-D707-A5AF-E2DDF110E15D</targetEntity>
<transferable>true</transferable>
<deleteRule>NO ACTION</deleteRule>
</Relation>