<?xml version = '1.0' encoding = 'UTF-8'?>
<Relation class="oracle.dbtools.crest.model.design.logical.Relation" name="Relation_6" directorySegmentName="seg_0" id="5C2F9B11-0D0F-52B1-9FAD-78EAE2D5DFF2">
<createdBy>guzma</createdBy>
<createdTime>2025-09-06 20:08:04 UTC</createdTime>
<ownerDesignName>EX2_S1_GRUPO8</ownerDesignName>
<engineerTo>
<item key="354F2614-18EA-D378-6339-E8441D0F7DDD" value="true"/>
</engineerTo>
<identifying>false</identifying>
<optionalSource>true</optionalSource>
<optionalTarget>false</optionalTarget>
<sourceCardinality>*</sourceCardinality>
<sourceEntity>8873B74E-2D1B-5799-C86F-61F442A16ECB</sourceEntity>
<targetCardinalityString>*</targetCardinalityString>
<targetEntity>EF2004BA-20D3-2005-9D2C-28FC999D2029</targetEntity>
<transferable>true</transferable>
<deleteRule>NO ACTION</deleteRule>
</Relation>