<?xml version = '1.0' encoding = 'UTF-8'?>
<Relation class="oracle.dbtools.crest.model.design.logical.Relation" name="Relation_8" directorySegmentName="seg_0" id="6749605A-EBED-2358-1E22-7D1D6085FFEF">
<createdBy>guzma</createdBy>
<createdTime>2025-09-06 20:08:56 UTC</createdTime>
<ownerDesignName>EX2_S1_GRUPO8</ownerDesignName>
<engineerTo>
<item key="354F2614-18EA-D378-6339-E8441D0F7DDD" value="true"/>
</engineerTo>
<targetPk>5CFC7993-AAAC-7AE3-E3EA-8E92A2255958</targetPk>
<identifying>false</identifying>
<optionalSource>true</optionalSource>
<optionalTarget>false</optionalTarget>
<sourceCardinality>1</sourceCardinality>
<sourceEntity>79D565FE-3B58-D707-A5AF-E2DDF110E15D</sourceEntity>
<targetCardinalityString>*</targetCardinalityString>
<targetEntity>5BF4FF33-9A70-9A8C-B94D-AA95F0C8F731</targetEntity>
<transferable>true</transferable>
<deleteRule>NO ACTION</deleteRule>
</Relation>